{
  "min_session_interactions": 30,
  "num_structural_users": 1777,
  "num_real_structural_interactions": 4325560,
  "num_real_structural_sessions": 81566,
  "num_same_burst_adjacent_pairs_before_filter": 76318,
  "num_same_burst_consecutive_adjacent_pairs_before_filter": 76315,
  "num_adjacent_pairs_after_min_interaction_filter": 20295,
  "num_unique_sessions_used_for_tau": 28367,
  "tau_success_rate": 1.0,
  "tau_at_bound_rate": 0.0011985758099199773,
  "session_size_summary": {
    "count": 28367.0,
    "mean": 112.89477209433497,
    "std": 108.96839842613089,
    "min": 30.0,
    "1%": 30.0,
    "5%": 33.0,
    "50%": 76.0,
    "95%": 318.0,
    "99%": 542.0,
    "max": 3299.0
  },
  "tau_choice_summary": {
    "count": 28367.0,
    "mean": -0.7311688246039477,
    "std": 4.660564965312486,
    "min": -19.01835362316044,
    "1%": -13.471903279610084,
    "5%": -10.042770027728112,
    "50%": 0.9482127481325239,
    "95%": 3.2018452910222273,
    "99%": 9.171426107815693,
    "max": 19.999954343685125
  },
  "tau_choice_objective_summary": {
    "count": 28367.0,
    "mean": -98.6003067405384,
    "std": 153.42359418586662,
    "min": -2986.397641415354,
    "1%": -723.0342238399928,
    "5%": -351.3464633519023,
    "50%": -59.08859300036946,
    "95%": 17.364875653769175,
    "99%": 51.44397320127932,
    "max": 409.89702671263456
  },
  "tau_choice_se_summary": {
    "count": 21682.0,
    "mean": 3775.8917304063434,
    "std": 31730.73447409658,
    "min": 0.0062335463638888205,
    "1%": 0.07911246866098803,
    "5%": 0.10836294872941246,
    "50%": 0.25019459118244136,
    "95%": 1.410962491806898,
    "99%": 135094.48045104917,
    "max": 955274.7379958718
  },
  "tau_choice_vs_tau_model_old_pearson": -0.38454846913849067,
  "tau_choice_vs_tau_model_old_spearman": -0.10945809634897288,
  "cat_ids": [
    -124,
    1,
    2,
    3,
    4,
    5,
    6,
    7,
    8,
    9,
    10,
    11,
    12,
    13,
    14,
    15,
    16,
    17,
    18,
    19,
    20,
    21,
    22,
    23,
    24,
    25,
    26,
    27,
    28,
    29,
    31,
    32,
    33,
    34,
    35,
    36,
    37,
    38,
    39
  ],
  "belief_columns": [
    "B_k_00",
    "B_k_01",
    "B_k_02",
    "B_k_03",
    "B_k_04",
    "B_k_05",
    "B_k_06",
    "B_k_07",
    "B_k_08",
    "B_k_09",
    "B_k_10",
    "B_k_11",
    "B_k_12",
    "B_k_13",
    "B_k_14",
    "B_k_15",
    "B_k_16",
    "B_k_17",
    "B_k_18",
    "B_k_19",
    "B_k_20",
    "B_k_21",
    "B_k_22",
    "B_k_23",
    "B_k_24",
    "B_k_25",
    "B_k_26",
    "B_k_27",
    "B_k_28",
    "B_k_29",
    "B_k_30",
    "B_k_31",
    "B_k_32",
    "B_k_33",
    "B_k_34",
    "B_k_35",
    "B_k_36",
    "B_k_37",
    "B_k_38"
  ],
  "input_paths": {
    "structural_interactions": "/Users/haozhangao/Desktop/RecSys Research/python_code_new/outputs/structural_interactions.parquet",
    "structural_sessions": "/Users/haozhangao/Desktop/RecSys Research/python_code_new/outputs/structural_sessions.parquet",
    "structural_theta_phi": "/Users/haozhangao/Desktop/RecSys Research/python_code_new/outputs/structural_estimates_theta_phi.npz",
    "structural_arrays": "/Users/haozhangao/Desktop/RecSys Research/python_code_new/outputs/structural_estimation_arrays.npz"
  },
  "output_paths": {
    "tau_sessions": "/Users/haozhangao/Desktop/RecSys Research/python_code_new/outputs/causal_tau_choice_sessions.parquet",
    "tau_transitions": "/Users/haozhangao/Desktop/RecSys Research/python_code_new/outputs/causal_tau_choice_transitions.parquet",
    "diagnostics": "/Users/haozhangao/Desktop/RecSys Research/python_code_new/outputs/causal_tau_choice_diagnostics.json"
  }
}