{
  "weights": {
    "w_complete": -0.08509078678863784,
    "w_long": 0.33911838476701245,
    "w_rewatch": 0.040260270460571825,
    "w_neg": -0.7431163205398497
  },
  "primary_fit": "unconstrained",
  "objective_value": 2.776136350553809,
  "num_sessions_used": 4323,
  "num_rows_used": 82652,
  "max_items_per_session": 80,
  "constraints_used_for_primary": false,
  "normalization": "none; score is linear in predicted probabilities",
  "unconstrained": {
    "success": true,
    "objective_value": 2.776136350553809,
    "weights": {
      "w_complete": -0.08509078678863784,
      "w_long": 0.33911838476701245,
      "w_rewatch": 0.040260270460571825,
      "w_neg": -0.7431163205398497
    }
  },
  "constrained": {
    "success": true,
    "objective_value": 2.776238548827247,
    "weights": {
      "w_complete": 0.0,
      "w_long": 0.279824115903568,
      "w_rewatch": 0.0,
      "w_neg": -0.7178701987883005
    }
  },
  "leakage_rule": "estimated only on complete non-masked validation sessions",
  "validation_split_unit": "session"
}
